,Pclass,Sex,Age,SibSp,Fare
0,3,1,2.0,1,0.0
1,1,0,3.0,1,7.0
2,3,0,2.0,0,0.0
3,1,0,3.0,1,5.0
4,3,1,3.0,0,0.0
5,3,1,2.0,0,0.0
6,1,1,5.0,0,5.0
7,3,1,0.0,3,2.0
8,3,0,2.0,0,1.0
9,2,0,1.0,1,3.0
10,3,0,0.0,1,1.0
11,1,0,5.0,0,2.0
12,3,1,2.0,0,0.0
13,3,1,3.0,1,3.0
14,3,0,1.0,0,0.0
15,2,0,5.0,0,1.0
16,3,1,0.0,4,2.0
17,2,1,2.0,0,1.0
18,3,0,3.0,1,1.0
19,3,0,2.0,0,0.0
20,2,1,3.0,0,2.0
21,2,1,3.0,0,1.0
22,3,0,1.0,0,0.0
23,1,1,2.0,0,3.0
24,3,0,0.0,3,2.0
25,3,0,3.0,1,3.0
26,3,1,2.0,0,0.0
27,1,1,1.0,3,26.0
28,3,0,2.0,0,0.0
29,3,1,2.0,0,0.0
30,1,1,4.0,0,2.0
31,1,0,2.0,1,14.0
32,3,0,2.0,0,0.0
33,2,1,6.0,0,1.0
34,1,1,2.0,1,8.0
35,1,1,4.0,1,5.0
36,3,1,2.0,0,0.0
37,3,1,2.0,0,0.0
38,3,0,1.0,2,1.0
39,3,0,1.0,1,1.0
40,3,0,4.0,1,0.0
41,2,0,2.0,1,2.0
42,3,1,2.0,0,0.0
43,2,0,0.0,1,4.0
44,3,0,1.0,0,0.0
45,3,1,2.0,0,0.0
46,3,1,2.0,1,1.0
47,3,0,2.0,0,0.0
48,3,1,2.0,2,2.0
49,3,0,1.0,1,1.0
50,3,1,0.0,4,3.0
51,3,1,2.0,0,0.0
52,1,0,4.0,1,7.0
53,2,0,2.0,1,2.0
54,1,1,6.0,0,6.0
55,1,1,2.0,0,3.0
56,2,0,2.0,0,1.0
57,3,1,2.0,0,0.0
58,2,0,0.0,1,2.0
59,3,1,1.0,5,4.0
60,3,1,2.0,0,0.0
61,1,0,3.0,0,8.0
62,1,1,4.0,1,8.0
63,3,1,0.0,3,2.0
64,1,1,2.0,0,2.0
65,3,1,2.0,1,1.0
66,2,0,2.0,0,1.0
67,3,1,1.0,0,0.0
68,3,0,1.0,4,0.0
69,3,1,2.0,2,0.0
70,2,1,3.0,0,1.0
71,3,0,1.0,5,4.0
72,2,1,2.0,0,7.0
73,3,1,2.0,1,1.0
74,3,1,3.0,0,5.0
75,3,1,2.0,0,0.0
76,3,1,2.0,0,0.0
77,3,1,2.0,0,0.0
78,2,1,0.0,0,2.0
79,3,0,3.0,0,1.0
80,3,1,2.0,0,0.0
81,3,1,2.0,0,0.0
82,3,0,2.0,0,0.0
83,1,1,2.0,0,4.0
84,2,0,1.0,0,1.0
85,3,0,3.0,3,1.0
86,3,1,1.0,1,3.0
87,3,1,2.0,0,0.0
88,1,0,2.0,3,26.0
89,3,1,2.0,0,0.0
90,3,1,2.0,0,0.0
91,3,1,2.0,0,0.0
92,1,1,4.0,1,6.0
93,3,1,2.0,1,2.0
94,3,1,5.0,0,0.0
95,3,1,2.0,0,0.0
96,1,1,7.0,0,3.0
97,1,1,2.0,0,6.0
98,2,0,3.0,0,2.0
99,2,1,3.0,1,2.0
100,3,0,2.0,0,0.0
101,3,1,2.0,0,0.0
102,1,1,2.0,0,7.0
103,3,1,3.0,0,0.0
104,3,1,3.0,2,0.0
105,3,1,2.0,0,0.0
106,3,0,2.0,0,0.0
107,3,1,2.0,0,0.0
108,3,1,3.0,0,0.0
109,3,0,2.0,1,2.0
110,1,1,4.0,0,5.0
111,3,0,1.0,1,1.0
112,3,1,2.0,0,0.0
113,3,0,2.0,1,0.0
114,3,0,1.0,0,1.0
115,3,1,2.0,0,0.0
116,3,1,7.0,0,0.0
117,2,1,2.0,1,2.0
118,1,1,2.0,0,24.0
119,3,0,0.0,4,3.0
120,2,1,2.0,2,7.0
121,3,1,2.0,0,0.0
122,2,1,3.0,1,3.0
123,2,0,3.0,0,1.0
124,1,1,5.0,0,7.0
125,3,1,1.0,1,1.0
126,3,1,2.0,0,0.0
127,3,1,2.0,0,0.0
128,3,0,2.0,1,2.0
129,3,1,4.0,0,0.0
130,3,1,3.0,0,0.0
131,3,1,2.0,0,0.0
132,3,0,4.0,1,1.0
133,2,0,2.0,1,2.0
134,2,1,2.0,0,1.0
135,2,1,2.0,0,1.0
136,1,0,1.0,0,2.0
137,1,1,3.0,1,5.0
138,3,1,1.0,0,0.0
139,1,1,2.0,0,7.0
140,3,0,2.0,0,1.0
141,3,0,2.0,0,0.0
142,3,0,2.0,1,1.0
143,3,1,1.0,0,0.0
144,2,1,1.0,0,1.0
145,2,1,1.0,1,3.0
146,3,1,2.0,0,0.0
147,3,0,0.0,2,3.0
148,2,1,3.0,0,2.0
149,2,1,4.0,0,1.0
150,2,1,5.0,0,1.0
151,1,0,2.0,1,6.0
152,3,1,5.0,0,0.0
153,3,1,4.0,0,1.0
154,3,1,2.0,0,0.0
155,1,1,5.0,0,6.0
156,3,0,1.0,0,0.0
157,3,1,3.0,0,0.0
158,3,1,2.0,0,0.0
159,3,1,2.0,8,6.0
160,3,1,4.0,0,1.0
161,2,0,4.0,0,1.0
162,3,1,2.0,0,0.0
163,3,1,1.0,0,0.0
164,3,1,0.0,4,3.0
165,3,1,0.0,0,2.0
166,1,0,2.0,0,5.0
167,3,0,4.0,1,2.0
168,1,1,2.0,0,2.0
169,3,1,2.0,0,5.0
170,1,1,6.0,0,3.0
171,3,1,0.0,4,2.0
172,3,0,0.0,1,1.0
173,3,1,2.0,0,0.0
174,1,1,5.0,0,3.0
175,3,1,1.0,1,0.0
176,3,1,2.0,3,2.0
177,1,0,5.0,0,2.0
178,2,1,3.0,0,1.0
179,3,1,3.0,0,0.0
180,3,0,2.0,8,6.0
181,2,1,2.0,0,1.0
182,3,1,0.0,4,3.0
183,2,1,0.0,2,3.0
184,3,0,0.0,0,2.0
185,1,1,2.0,0,5.0
186,3,0,2.0,1,1.0
187,1,1,4.0,0,2.0
188,3,1,4.0,1,1.0
189,3,1,3.0,0,0.0
190,2,0,3.0,0,1.0
191,2,1,1.0,0,1.0
192,3,0,1.0,1,0.0
193,2,1,0.0,1,2.0
194,1,0,4.0,0,2.0
195,1,0,5.0,0,14.0
196,3,1,2.0,0,0.0
197,3,1,4.0,0,0.0
198,3,0,2.0,0,0.0
199,2,0,2.0,0,1.0
200,3,1,2.0,0,0.0
201,3,1,2.0,8,6.0
202,3,1,3.0,0,0.0
203,3,1,4.0,0,0.0
204,3,1,1.0,0,0.0
205,3,0,0.0,0,1.0
206,3,1,3.0,1,1.0
207,3,1,2.0,0,1.0
208,3,0,1.0,0,0.0
209,1,1,4.0,0,3.0
210,3,1,2.0,0,0.0
211,2,0,3.0,0,2.0
212,3,1,2.0,0,0.0
213,2,1,3.0,0,1.0
214,3,1,2.0,1,0.0
215,1,0,3.0,1,11.0
216,3,0,2.0,0,0.0
217,2,1,4.0,1,2.0
218,1,0,3.0,0,7.0
219,2,1,3.0,0,1.0
220,3,1,1.0,0,0.0
221,2,1,2.0,0,1.0
222,3,1,5.0,0,0.0
223,3,1,2.0,0,0.0
224,1,1,3.0,1,9.0
225,3,1,2.0,0,0.0
226,2,1,1.0,0,1.0
227,3,1,2.0,0,0.0
228,2,1,1.0,0,1.0
229,3,0,2.0,3,2.0
230,1,0,3.0,1,8.0
231,3,1,2.0,0,0.0
232,2,1,5.0,0,1.0
233,3,0,0.0,4,3.0
234,2,1,2.0,0,1.0
235,3,0,2.0,0,0.0
236,2,1,4.0,1,2.0
237,2,0,0.0,0,2.0
238,2,1,1.0,0,1.0
239,2,1,3.0,0,1.0
240,3,0,2.0,1,1.0
241,3,0,2.0,1,1.0
242,2,1,2.0,0,1.0
243,3,1,2.0,0,0.0
244,3,1,3.0,0,0.0
245,1,1,4.0,2,9.0
246,3,0,2.0,0,0.0
247,2,0,2.0,0,1.0
248,1,1,3.0,1,5.0
249,2,1,5.0,1,2.0
250,3,1,2.0,0,0.0
251,3,0,2.0,1,1.0
252,1,1,6.0,0,2.0
253,3,1,3.0,1,1.0
254,3,0,4.0,0,2.0
255,3,0,2.0,0,1.0
256,1,0,2.0,0,7.0
257,1,0,3.0,0,8.0
258,1,0,3.0,0,51.0
259,2,0,5.0,0,2.0
260,3,1,2.0,0,0.0
261,3,1,0.0,4,3.0
262,1,1,5.0,1,7.0
263,1,1,4.0,0,0.0
264,3,0,2.0,0,0.0
265,2,1,3.0,0,1.0
266,3,1,1.0,4,3.0
267,3,1,2.0,1,0.0
268,1,0,5.0,0,15.0
269,1,0,3.0,0,13.0
270,1,1,2.0,0,3.0
271,3,1,2.0,0,0.0
272,2,0,4.0,0,1.0
273,1,1,3.0,0,2.0
274,3,0,2.0,0,0.0
275,1,0,6.0,1,7.0
276,3,0,4.0,0,0.0
277,2,1,2.0,0,0.0
278,3,1,0.0,4,2.0
279,3,0,3.0,1,2.0
280,3,1,6.0,0,0.0
281,3,1,2.0,0,0.0
282,3,1,1.0,0,0.0
283,3,1,1.0,0,0.0
284,1,1,2.0,0,2.0
285,3,1,3.0,0,0.0
286,3,1,3.0,0,0.0
287,3,1,2.0,0,0.0
288,2,1,4.0,0,1.0
289,3,0,2.0,0,0.0
290,1,0,2.0,0,7.0
291,1,0,1.0,1,9.0
292,2,1,3.0,0,1.0
293,3,0,2.0,0,0.0
294,3,1,2.0,0,0.0
295,1,1,2.0,0,2.0
296,3,1,2.0,0,0.0
297,1,0,0.0,1,15.0
298,1,1,2.0,0,3.0
299,1,0,5.0,0,24.0
300,3,0,2.0,0,0.0
301,3,1,2.0,2,2.0
302,3,1,1.0,0,0.0
303,2,0,2.0,0,1.0
304,3,1,2.0,0,0.0
305,1,1,0.0,1,15.0
306,1,0,2.0,0,11.0
307,1,0,1.0,1,10.0
308,2,1,3.0,1,2.0
309,1,0,3.0,0,5.0
310,1,0,2.0,0,8.0
311,1,0,1.0,2,26.0
312,2,0,2.0,1,2.0
313,3,1,2.0,0,0.0
314,2,1,4.0,1,2.0
315,3,0,2.0,0,0.0
316,2,0,2.0,1,2.0
317,2,1,5.0,0,1.0
318,1,0,3.0,0,16.0
319,1,0,4.0,1,13.0
320,3,1,2.0,0,0.0
321,3,1,2.0,0,0.0
322,2,0,3.0,0,1.0
323,2,0,2.0,1,2.0
324,3,1,2.0,8,6.0
325,1,0,3.0,0,13.0
326,3,1,6.0,0,0.0
327,2,0,3.0,0,1.0
328,3,0,3.0,1,2.0
329,1,0,1.0,0,5.0
330,3,0,2.0,2,2.0
331,1,1,4.0,0,2.0
332,1,1,3.0,0,15.0
333,3,1,1.0,2,1.0
334,1,0,2.0,1,13.0
335,3,1,2.0,0,0.0
336,1,1,2.0,1,6.0
337,1,0,4.0,0,13.0
338,3,1,4.0,0,0.0
339,1,1,4.0,0,3.0
340,2,1,0.0,1,2.0
341,1,0,2.0,3,26.0
342,2,1,2.0,0,1.0
343,2,1,2.0,0,1.0
344,2,1,3.0,0,1.0
345,2,0,2.0,0,1.0
346,2,0,4.0,0,1.0
347,3,0,2.0,1,1.0
348,3,1,0.0,1,1.0
349,3,1,4.0,0,0.0
350,3,1,2.0,0,0.0
351,1,1,2.0,0,3.0
352,3,1,1.0,1,0.0
353,3,1,2.0,1,1.0
354,3,1,2.0,0,0.0
355,3,1,2.0,0,0.0
356,1,0,2.0,0,5.0
357,2,0,3.0,0,1.0
358,3,0,2.0,0,0.0
359,3,0,2.0,0,0.0
360,3,1,4.0,1,2.0
361,2,1,2.0,1,2.0
362,3,0,4.0,0,1.0
363,3,1,3.0,0,0.0
364,3,1,2.0,1,1.0
365,3,1,3.0,0,0.0
366,1,0,6.0,1,7.0
367,3,0,2.0,0,0.0
368,3,0,2.0,0,0.0
369,1,0,2.0,0,6.0
370,1,1,2.0,1,5.0
371,3,1,1.0,1,0.0
372,3,1,1.0,0,0.0
373,1,1,2.0,0,13.0
374,3,0,0.0,3,2.0
375,1,0,2.0,1,8.0
376,3,0,2.0,0,0.0
377,1,1,2.0,0,21.0
378,3,1,2.0,0,0.0
379,3,1,1.0,0,0.0
380,1,0,4.0,0,22.0
381,3,0,0.0,0,1.0
382,3,1,3.0,0,0.0
383,1,0,3.0,1,5.0
384,3,1,2.0,0,0.0
385,2,1,1.0,0,7.0
386,3,1,0.0,5,4.0
387,2,0,3.0,0,1.0
388,3,1,2.0,0,0.0
389,2,0,1.0,0,1.0
390,1,1,3.0,1,12.0
391,3,1,2.0,0,0.0
392,3,1,2.0,2,0.0
393,1,0,2.0,1,11.0
394,3,0,2.0,0,1.0
395,3,1,2.0,0,0.0
396,3,0,3.0,0,0.0
397,2,1,4.0,0,2.0
398,2,1,2.0,0,1.0
399,2,0,2.0,0,1.0
400,3,1,3.0,0,0.0
401,3,1,2.0,0,0.0
402,3,0,2.0,1,0.0
403,3,1,2.0,1,1.0
404,3,0,2.0,0,0.0
405,2,1,3.0,1,2.0
406,3,1,5.0,0,0.0
407,2,1,0.0,1,1.0
408,3,1,2.0,0,0.0
409,3,0,2.0,3,2.0
410,3,1,2.0,0,0.0
411,3,1,2.0,0,0.0
412,1,0,3.0,1,9.0
413,2,1,2.0,0,0.0
414,3,1,4.0,0,0.0
415,3,0,2.0,0,0.0
416,2,0,3.0,1,3.0
417,2,0,1.0,0,1.0
418,2,1,3.0,0,1.0
419,3,0,1.0,0,2.0
420,3,1,2.0,0,0.0
421,3,1,2.0,0,0.0
422,3,1,2.0,0,0.0
423,3,0,2.0,1,1.0
424,3,1,1.0,1,2.0
425,3,1,2.0,0,0.0
426,2,0,2.0,1,2.0
427,2,0,1.0,0,2.0
428,3,1,2.0,0,0.0
429,3,1,3.0,0,0.0
430,1,1,2.0,0,2.0
431,3,0,2.0,1,1.0
432,2,0,4.0,1,2.0
433,3,1,1.0,0,0.0
434,1,1,5.0,1,5.0
435,1,0,1.0,1,12.0
436,3,0,2.0,2,3.0
437,2,0,2.0,2,1.0
438,1,1,6.0,1,26.0
439,2,1,3.0,0,1.0
440,2,0,4.0,1,2.0
441,3,1,2.0,0,0.0
442,3,1,2.0,1,0.0
443,2,0,2.0,0,1.0
444,3,1,2.0,0,0.0
445,1,1,0.0,0,8.0
446,2,0,1.0,0,1.0
447,1,1,3.0,0,2.0
448,3,0,0.0,2,1.0
449,1,1,5.0,0,3.0
450,2,1,3.0,1,2.0
451,3,1,2.0,1,1.0
452,1,1,3.0,0,2.0
453,1,1,4.0,1,8.0
454,3,1,2.0,0,0.0
455,3,1,2.0,0,0.0
456,1,1,6.0,0,2.0
457,1,0,2.0,1,5.0
458,2,0,5.0,0,1.0
459,3,1,2.0,0,0.0
460,1,1,4.0,0,2.0
461,3,1,3.0,0,0.0
462,1,1,4.0,0,3.0
463,2,1,4.0,0,1.0
464,3,1,2.0,0,0.0
465,3,1,3.0,0,0.0
466,2,1,2.0,0,0.0
467,1,1,5.0,0,2.0
468,3,1,2.0,0,0.0
469,3,0,0.0,2,1.0
470,3,1,2.0,0,0.0
471,3,1,3.0,0,0.0
472,2,0,3.0,1,2.0
473,2,0,2.0,0,1.0
474,3,0,2.0,0,0.0
475,1,1,2.0,0,5.0
476,2,1,3.0,1,2.0
477,3,1,2.0,1,0.0
478,3,1,2.0,0,0.0
479,3,0,0.0,0,1.0
480,3,1,0.0,5,4.0
481,2,1,2.0,0,0.0
482,3,1,5.0,0,0.0
483,3,0,6.0,0,0.0
484,1,1,2.0,1,9.0
485,3,0,2.0,3,2.0
486,1,0,3.0,1,9.0
487,1,1,5.0,0,2.0
488,3,1,3.0,0,0.0
489,3,1,0.0,1,1.0
490,3,1,2.0,1,1.0
491,3,1,2.0,0,0.0
492,1,1,5.0,0,3.0
493,1,1,7.0,0,4.0
494,3,1,2.0,0,0.0
495,3,1,2.0,0,1.0
496,1,0,5.0,1,7.0
497,3,1,2.0,0,1.0
498,1,0,2.0,1,15.0
499,3,1,2.0,0,0.0
500,3,1,1.0,0,0.0
501,3,0,2.0,0,0.0
502,3,0,2.0,0,0.0
503,3,0,3.0,0,0.0
504,1,0,1.0,0,8.0
505,1,1,1.0,1,10.0
506,2,0,3.0,0,2.0
507,1,1,2.0,0,2.0
508,3,1,2.0,0,2.0
509,3,1,2.0,0,5.0
510,3,1,2.0,0,0.0
511,3,1,2.0,0,0.0
512,1,1,3.0,0,2.0
513,1,0,5.0,1,5.0
514,3,1,2.0,0,0.0
515,1,1,4.0,0,3.0
516,2,0,3.0,0,1.0
517,3,1,2.0,0,2.0
518,2,0,3.0,1,2.0
519,3,1,3.0,0,0.0
520,1,0,3.0,0,9.0
521,3,1,2.0,0,0.0
522,3,1,2.0,0,0.0
523,1,0,4.0,0,5.0
524,3,1,2.0,0,0.0
525,3,1,4.0,0,0.0
526,2,0,5.0,0,1.0
527,1,1,2.0,0,22.0
528,3,1,3.0,0,0.0
529,2,1,2.0,2,1.0
530,2,0,0.0,1,2.0
531,3,1,2.0,0,0.0
532,3,1,1.0,1,0.0
533,3,0,2.0,0,2.0
534,3,0,3.0,0,0.0
535,2,0,0.0,0,2.0
536,1,1,4.0,0,2.0
537,1,0,3.0,0,10.0
538,3,1,2.0,0,1.0
539,1,0,2.0,0,4.0
540,1,0,3.0,0,7.0
541,3,0,0.0,4,3.0
542,3,0,1.0,4,3.0
543,2,1,3.0,1,2.0
544,1,1,5.0,1,10.0
545,1,1,6.0,0,2.0
546,2,0,1.0,1,2.0
547,2,1,2.0,0,1.0
548,3,1,3.0,1,2.0
549,2,1,0.0,1,3.0
550,1,1,1.0,0,11.0
551,2,1,2.0,0,2.0
552,3,1,2.0,0,0.0
553,3,1,2.0,0,0.0
554,3,0,2.0,0,0.0
555,1,1,6.0,0,2.0
556,1,0,4.0,1,3.0
557,1,1,2.0,0,22.0
558,1,0,3.0,1,7.0
559,3,0,3.0,1,1.0
560,3,1,2.0,0,0.0
561,3,1,4.0,0,0.0
562,2,1,2.0,0,1.0
563,3,1,2.0,0,0.0
564,3,0,2.0,0,0.0
565,3,1,2.0,2,2.0
566,3,1,1.0,0,0.0
567,3,0,2.0,0,2.0
568,3,1,2.0,0,0.0
569,3,1,3.0,0,0.0
570,2,1,6.0,0,1.0
571,1,0,5.0,2,5.0
572,1,1,3.0,0,2.0
573,3,0,2.0,0,0.0
574,3,1,1.0,0,0.0
575,3,1,1.0,0,1.0
576,2,0,3.0,0,1.0
577,1,0,3.0,1,5.0
578,3,0,2.0,1,1.0
579,3,1,3.0,0,0.0
580,2,0,2.0,1,3.0
581,1,0,3.0,1,11.0
582,2,1,5.0,0,2.0
583,1,1,3.0,0,4.0
584,3,1,2.0,0,0.0
585,1,0,1.0,0,7.0
586,2,1,4.0,0,1.0
587,1,1,6.0,1,7.0
588,3,1,2.0,0,0.0
589,3,1,2.0,0,0.0
590,3,1,3.0,0,0.0
591,1,0,5.0,1,7.0
592,3,1,4.0,0,0.0
593,3,0,2.0,0,0.0
594,2,1,3.0,1,2.0
595,3,1,3.0,1,2.0
596,2,0,2.0,0,3.0
597,3,1,4.0,0,0.0
598,3,1,2.0,0,0.0
599,1,1,4.0,1,5.0
600,2,0,2.0,2,2.0
601,3,1,2.0,0,0.0
602,1,1,2.0,0,4.0
603,3,1,4.0,0,0.0
604,1,1,3.0,0,2.0
605,3,1,3.0,1,1.0
606,3,1,3.0,0,0.0
607,1,1,2.0,0,3.0
608,2,0,2.0,1,4.0
609,1,0,4.0,0,15.0
610,3,0,3.0,1,3.0
611,3,1,2.0,0,0.0
612,3,0,2.0,1,1.0
613,3,1,2.0,0,0.0
614,3,1,3.0,0,0.0
615,2,0,2.0,1,6.0
616,3,1,3.0,1,1.0
617,3,0,2.0,1,1.0
618,2,0,0.0,2,3.0
619,2,1,2.0,0,1.0
620,3,1,2.0,1,1.0
621,1,1,4.0,1,5.0
622,3,1,2.0,1,1.0
623,3,1,2.0,0,0.0
624,3,1,2.0,0,1.0
625,1,1,6.0,0,3.0
626,2,1,5.0,0,1.0
627,1,0,2.0,0,7.0
628,3,1,2.0,0,0.0
629,3,1,2.0,0,0.0
630,1,1,8.0,0,3.0
631,3,1,5.0,0,0.0
632,1,1,3.0,0,3.0
633,1,1,2.0,0,0.0
634,3,0,0.0,3,2.0
635,2,0,2.0,0,1.0
636,3,1,3.0,0,0.0
637,2,1,3.0,1,2.0
638,3,0,4.0,0,3.0
639,3,1,2.0,1,1.0
640,3,1,2.0,0,0.0
641,1,0,2.0,0,6.0
642,3,0,0.0,3,2.0
643,3,1,2.0,0,5.0
644,3,0,0.0,2,1.0
645,1,1,4.0,1,7.0
646,3,1,1.0,0,0.0
647,1,1,5.0,0,3.0
648,3,1,2.0,0,0.0
649,3,0,2.0,0,0.0
650,3,1,2.0,0,0.0
651,2,0,1.0,0,2.0
652,3,1,2.0,0,0.0
653,3,0,2.0,0,0.0
654,3,0,1.0,0,0.0
655,2,1,2.0,2,7.0
656,3,1,2.0,0,0.0
657,3,0,3.0,1,1.0
658,2,1,2.0,0,1.0
659,1,1,5.0,0,11.0
660,1,1,5.0,2,13.0
661,3,1,4.0,0,0.0
662,1,1,4.0,0,2.0
663,3,1,3.0,0,0.0
664,3,1,2.0,1,0.0
665,2,1,3.0,2,7.0
666,2,1,2.0,0,1.0
667,3,1,2.0,0,0.0
668,3,1,4.0,0,0.0
669,1,0,2.0,1,5.0
670,2,0,4.0,1,3.0
671,1,1,3.0,1,5.0
672,2,1,7.0,0,1.0
673,2,1,3.0,0,1.0
674,2,1,2.0,0,0.0
675,3,1,1.0,0,0.0
676,3,1,2.0,0,0.0
677,3,0,1.0,0,0.0
678,3,0,4.0,1,4.0
679,1,1,3.0,0,51.0
680,3,0,2.0,0,0.0
681,1,1,2.0,0,7.0
682,3,1,2.0,0,0.0
683,3,1,1.0,5,4.0
684,2,1,6.0,1,3.0
685,2,1,2.0,1,4.0
686,3,1,1.0,4,3.0
687,3,1,1.0,0,1.0
688,3,1,1.0,0,0.0
689,1,0,1.0,0,21.0
690,1,1,3.0,1,5.0
691,3,0,0.0,0,1.0
692,3,1,2.0,0,5.0
693,3,1,2.0,0,0.0
694,1,1,6.0,0,2.0
695,2,1,5.0,0,1.0
696,3,1,4.0,0,0.0
697,3,0,2.0,0,0.0
698,1,1,4.0,1,11.0
699,3,1,4.0,0,0.0
700,1,0,1.0,1,22.0
701,1,1,3.0,0,2.0
702,3,0,1.0,0,1.0
703,3,1,2.0,0,0.0
704,3,1,2.0,1,0.0
705,2,1,3.0,0,2.0
706,2,0,4.0,0,1.0
707,1,1,4.0,0,2.0
708,1,0,2.0,0,15.0
709,3,1,2.0,1,1.0
710,1,0,2.0,0,4.0
711,1,1,2.0,0,2.0
712,1,1,4.0,1,5.0
713,3,1,2.0,0,0.0
714,2,1,5.0,0,1.0
715,3,1,1.0,0,0.0
716,1,0,3.0,0,22.0
717,2,0,2.0,0,1.0
718,3,1,2.0,0,1.0
719,3,1,3.0,0,0.0
720,2,0,0.0,0,3.0
721,3,1,1.0,1,0.0
722,2,1,3.0,0,1.0
723,2,1,5.0,0,1.0
724,1,1,2.0,1,5.0
725,3,1,2.0,0,0.0
726,2,0,3.0,3,2.0
727,3,0,2.0,0,0.0
728,2,1,2.0,1,2.0
729,3,0,2.0,1,0.0
730,1,0,2.0,0,21.0
731,3,1,1.0,0,1.0
732,2,1,2.0,0,0.0
733,2,1,2.0,0,1.0
734,2,1,2.0,0,1.0
735,3,1,2.0,0,1.0
736,3,0,4.0,1,3.0
737,1,1,3.0,0,51.0
738,3,1,2.0,0,0.0
739,3,1,2.0,0,0.0
740,1,1,2.0,0,3.0
741,1,1,3.0,1,7.0
742,1,0,2.0,2,26.0
743,3,1,2.0,1,1.0
744,3,1,3.0,0,0.0
745,1,1,7.0,1,7.0
746,3,1,1.0,1,2.0
747,2,0,3.0,0,1.0
748,1,1,1.0,1,5.0
749,3,1,3.0,0,0.0
750,2,0,0.0,1,2.0
751,3,1,0.0,0,1.0
752,3,1,3.0,0,0.0
753,3,1,2.0,0,0.0
754,2,0,4.0,1,6.0
755,2,1,0.0,1,1.0
756,3,1,2.0,0,0.0
757,2,1,1.0,0,1.0
758,3,1,3.0,0,0.0
759,1,0,3.0,0,8.0
760,3,1,2.0,0,1.0
761,3,1,4.0,0,0.0
762,3,1,2.0,0,0.0
763,1,0,3.0,1,12.0
764,3,1,1.0,0,0.0
765,1,0,5.0,1,7.0
766,1,1,2.0,0,3.0
767,3,0,3.0,0,0.0
768,3,1,2.0,1,2.0
769,3,1,3.0,0,0.0
770,3,1,2.0,0,0.0
771,3,1,4.0,0,0.0
772,2,0,5.0,0,1.0
773,3,1,2.0,0,0.0
774,2,0,5.0,1,2.0
775,3,1,1.0,0,0.0
776,3,1,2.0,0,0.0
777,3,0,0.0,0,1.0
778,3,1,2.0,0,0.0
779,1,0,4.0,0,21.0
780,3,0,1.0,0,0.0
781,1,0,1.0,1,5.0
782,1,1,2.0,0,3.0
783,3,1,2.0,1,2.0
784,3,1,2.0,0,0.0
785,3,1,2.0,0,0.0
786,3,0,1.0,0,0.0
787,3,1,0.0,4,2.0
788,3,1,0.0,1,2.0
789,1,1,4.0,0,7.0
790,3,1,2.0,0,0.0
791,2,1,1.0,0,2.0
792,3,0,2.0,8,6.0
793,1,1,2.0,0,3.0
794,3,1,2.0,0,0.0
795,2,1,3.0,0,1.0
796,1,0,4.0,0,2.0
797,3,0,3.0,0,0.0
798,3,1,3.0,0,0.0
799,3,0,3.0,1,2.0
800,2,1,3.0,0,1.0
801,2,0,3.0,1,2.0
802,1,1,1.0,1,12.0
803,3,1,0.0,0,0.0
804,3,1,2.0,0,0.0
805,3,1,3.0,0,0.0
806,1,1,3.0,0,0.0
807,3,0,1.0,0,0.0
808,2,1,3.0,0,1.0
809,1,0,3.0,1,5.0
810,3,1,2.0,0,0.0
811,3,1,3.0,0,2.0
812,2,1,3.0,0,1.0
813,3,0,0.0,4,3.0
814,3,1,3.0,0,0.0
815,1,1,2.0,0,0.0
816,3,0,2.0,0,0.0
817,2,1,3.0,1,3.0
818,3,1,4.0,0,0.0
819,3,1,1.0,3,2.0
820,1,0,5.0,1,9.0
821,3,1,2.0,0,0.0
822,1,1,3.0,0,0.0
823,3,0,2.0,0,1.0
824,3,1,0.0,4,3.0
825,3,1,2.0,0,0.0
826,3,1,2.0,0,5.0
827,2,1,0.0,0,3.0
828,3,1,2.0,0,0.0
829,1,0,6.0,0,8.0
830,3,0,1.0,1,1.0
831,2,1,0.0,1,1.0
832,3,1,2.0,0,0.0
833,3,1,2.0,0,0.0
834,3,1,1.0,0,0.0
835,1,0,3.0,1,8.0
836,3,1,2.0,0,0.0
837,3,1,2.0,0,0.0
838,3,1,3.0,0,5.0
839,1,1,2.0,0,2.0
840,3,1,2.0,0,0.0
841,2,1,1.0,0,1.0
842,1,0,3.0,0,3.0
843,3,1,3.0,0,0.0
844,3,1,1.0,0,0.0
845,3,1,4.0,0,0.0
846,3,1,2.0,8,6.0
847,3,1,3.0,0,0.0
848,2,1,2.0,0,3.0
849,1,0,2.0,1,8.0
850,3,1,0.0,4,3.0
851,3,1,7.0,0,0.0
852,3,0,0.0,1,1.0
853,1,0,1.0,0,3.0
854,2,0,4.0,1,2.0
855,3,0,1.0,0,0.0
856,1,0,4.0,1,16.0
857,1,1,5.0,0,2.0
858,3,0,2.0,0,1.0
859,3,1,2.0,0,0.0
860,3,1,4.0,2,1.0
861,2,1,2.0,1,1.0
862,1,0,4.0,0,2.0
863,3,0,2.0,8,6.0
864,2,1,2.0,0,1.0
865,2,0,4.0,0,1.0
866,2,0,2.0,1,1.0
867,1,1,3.0,0,5.0
868,3,1,2.0,0,0.0
869,3,1,0.0,1,1.0
870,3,1,2.0,0,0.0
871,1,0,4.0,1,5.0
872,1,1,3.0,0,0.0
873,3,1,4.0,0,0.0
874,2,0,2.0,1,2.0
875,3,0,1.0,0,0.0
876,3,1,2.0,0,0.0
877,3,1,1.0,0,0.0
878,3,1,2.0,0,0.0
879,1,0,5.0,0,8.0
880,2,0,2.0,0,2.0
881,3,1,3.0,0,0.0
882,3,0,2.0,0,1.0
883,2,1,2.0,0,1.0
884,3,1,2.0,0,0.0
885,3,0,3.0,0,2.0
886,2,1,2.0,0,1.0
887,1,0,1.0,0,3.0
888,3,0,2.0,1,2.0
889,1,1,2.0,0,3.0
890,3,1,3.0,0,0.0
